Date,Visitors
2025-01-01,406
2025-01-02,232
2025-01-03,315
2025-01-04,654
2025-01-05,553
2025-01-06,628
2025-01-07,515
2025-01-08,513
2025-01-09,378
2025-01-10,373
2025-01-11,433
2025-01-12,332
2025-01-13,641
2025-01-14,293
2025-01-15,547
2025-01-16,601
2025-01-17,619
2025-01-18,394
2025-01-19,604
2025-01-20,629
2025-01-21,385
2025-01-22,663
2025-01-23,575
2025-01-24,364
2025-01-25,561
2025-01-26,390
2025-01-27,204
2025-01-28,697
2025-01-29,698
2025-01-30,405
2025-01-31,614
2025-01-32,565
2025-01-33,543
2025-01-34,426
2025-01-35,619
2025-01-36,273
2025-01-37,418
2025-01-38,639
2025-01-39,226
2025-01-40,574
2025-01-41,222
2025-01-42,660
2025-01-43,407
2025-01-44,554
2025-01-45,290
2025-01-46,251
2025-01-47,686
2025-01-48,502
2025-01-49,408
2025-01-50,261
